t_h,actor,event,detail
0.000278,Alice,LOCAL_INSTRUCTION,"{""where"":""Earth"",""msg"":{""type"":""FUND"",""req"":""F1-Alice-fund"",""asset"":""ND"",""amount"":80000,""dst"":""Mars""}}"
0.000278,Earth,EXPORT,"{""owner"":""Alice"",""asset"":""ND"",""amount"":80000,""dst"":""Mars"",""eid"":""EA-X1"",""purpose"":""FUND"",""ref"":""F1-Alice-fund""}"
0.000278,Cara,LOCAL_INSTRUCTION,"{""where"":""Ceres"",""msg"":{""type"":""FUND"",""req"":""F1-Cara-fund"",""asset"":""ND"",""amount"":80000,""dst"":""Mars""}}"
0.000278,Ceres,EXPORT,"{""owner"":""Cara"",""asset"":""ND"",""amount"":80000,""dst"":""Mars"",""eid"":""CE-X1"",""purpose"":""FUND"",""ref"":""F1-Cara-fund""}"
0.75,Mars,ENDPOINT_RESET,{}
126.468676,Mars,IMPORT,"{""owner"":""Cara"",""asset"":""ND"",""amount"":80000,""eid"":""CE-X1"",""src"":""Ceres"",""purpose"":""FUND"",""ref"":""F1-Cara-fund""}"
126.468676,Mars,RECEIVED_QUEUED,"{""eid"":""CE-X1"",""dst"":""Ceres"",""rid"":116}"
126.969903,Ceres,RECEIPT_KNOWN,"{""eid"":""CE-X1"",""owner"":""Cara"",""asset"":""ND"",""amount"":80000,""dst"":""Mars""}"
126.970181,Cara,DIRECT_LAUNCH,"{""a"":""Ceres"",""b"":""Mars"",""label"":""CINSTR"",""copy"":0,""arrive"":457655.9767077488,""lost"":false,""p_loss"":0.0859}"
126.986847,Cara,DIRECT_LAUNCH,"{""a"":""Ceres"",""b"":""Mars"",""label"":""CINSTR"",""copy"":1,""arrive"":457715.97603650554,""lost"":false,""p_loss"":0.0859}"
127.12666,Mars,MARGIN_HELD,"{""owner"":""Cara"",""cid"":""F1"",""amount"":80000}"
127.12666,Mars,STATUS_QUEUED,"{""dst"":""Ceres"",""entries"":1,""rid"":117}"
127.143327,Mars,DUPLICATE_CINSTR,"{""owner"":""Cara"",""cid"":""F1"",""state"":""HELD""}"
127.328646,Mars,IMPORT,"{""owner"":""Alice"",""asset"":""ND"",""amount"":80000,""eid"":""EA-X1"",""src"":""Earth"",""purpose"":""FUND"",""ref"":""F1-Alice-fund""}"
127.328646,Mars,RECEIVED_QUEUED,"{""eid"":""EA-X1"",""dst"":""Earth"",""rid"":118}"
127.627361,Ceres,STATUS_RECEIVED,"{""owner"":""Cara"",""cid"":""F1"",""state"":""HELD"",""src"":""Mars""}"
127.890652,Earth,RECEIPT_KNOWN,"{""eid"":""EA-X1"",""owner"":""Alice"",""asset"":""ND"",""amount"":80000,""dst"":""Mars""}"
127.890929,Alice,DIRECT_LAUNCH,"{""a"":""Earth"",""b"":""Mars"",""label"":""CINSTR"",""copy"":0,""arrive"":461253.8989301668,""lost"":false,""p_loss"":0.1265}"
127.907596,Alice,DIRECT_LAUNCH,"{""a"":""Earth"",""b"":""Mars"",""label"":""CINSTR"",""copy"":1,""arrive"":461313.89661407226,""lost"":false,""p_loss"":0.1265}"
127.924263,Alice,DIRECT_LAUNCH,"{""a"":""Earth"",""b"":""Mars"",""label"":""CINSTR"",""copy"":2,""arrive"":461373.8942979666,""lost"":false,""p_loss"":0.1265}"
128.126083,Mars,MARGIN_HELD,"{""owner"":""Alice"",""cid"":""F1"",""amount"":80000}"
128.126083,Mars,CONTRACT_OPEN,"{""cid"":""F1"",""escrow"":160000,""long"":""Alice"",""short"":""Cara"",""Q"":2000,""maturity"":1541253.8989301668,""fixing"":1627653.8989301668}"
128.126083,Mars,STATUS_QUEUED,"{""dst"":""Earth"",""entries"":1,""rid"":119}"
128.126083,Mars,STATUS_QUEUED,"{""dst"":""Ceres"",""entries"":1,""rid"":120}"
128.142749,Mars,DUPLICATE_CINSTR,"{""owner"":""Alice"",""cid"":""F1"",""state"":""OPENED""}"
128.159415,Mars,DUPLICATE_CINSTR,"{""owner"":""Alice"",""cid"":""F1"",""state"":""OPENED""}"
128.627105,Ceres,STATUS_RECEIVED,"{""owner"":""Cara"",""cid"":""F1"",""state"":""OPEN"",""src"":""Mars""}"
128.687512,Earth,STATUS_RECEIVED,"{""owner"":""Alice"",""cid"":""F1"",""state"":""OPEN"",""src"":""Mars""}"
188.126083,Bob,LOCAL_INSTRUCTION,"{""where"":""Mars"",""msg"":{""type"":""PRICE"",""cid"":""F1"",""k"":1,""price"":110}}"
188.126083,Mars,PRICE_OBSERVED,"{""cid"":""F1"",""k"":1,""price"":110,""source"":""Bob""}"
248.126083,Bob,LOCAL_INSTRUCTION,"{""where"":""Mars"",""msg"":{""type"":""PRICE"",""cid"":""F1"",""k"":2,""price"":120}}"
248.126083,Mars,PRICE_OBSERVED,"{""cid"":""F1"",""k"":2,""price"":120,""source"":""Bob""}"
308.126083,Bob,LOCAL_INSTRUCTION,"{""where"":""Mars"",""msg"":{""type"":""PRICE"",""cid"":""F1"",""k"":3,""price"":130}}"
308.126083,Mars,PRICE_OBSERVED,"{""cid"":""F1"",""k"":3,""price"":130,""source"":""Bob""}"
368.126083,Bob,LOCAL_INSTRUCTION,"{""where"":""Mars"",""msg"":{""type"":""PRICE"",""cid"":""F1"",""k"":4,""price"":135}}"
368.126083,Mars,PRICE_OBSERVED,"{""cid"":""F1"",""k"":4,""price"":135,""source"":""Bob""}"
428.126083,Bob,LOCAL_INSTRUCTION,"{""where"":""Mars"",""msg"":{""type"":""PRICE"",""cid"":""F1"",""k"":5,""price"":125}}"
428.126083,Mars,PRICE_OBSERVED,"{""cid"":""F1"",""k"":5,""price"":125,""source"":""Bob""}"
452.126083,Mars,CONTRACT_FIXED,"{""cid"":""F1"",""P"":125,""used"":""observation 5"",""net_long"":50000,""gross_long"":130000,""gross_short"":30000}"
452.126083,Mars,EXPORT,"{""owner"":""Alice"",""asset"":""ND"",""amount"":130000,""dst"":""Earth"",""eid"":""MA-X1"",""purpose"":""PAYOUT"",""ref"":""F1""}"
452.126083,Mars,EXPORT,"{""owner"":""Cara"",""asset"":""ND"",""amount"":30000,""dst"":""Ceres"",""eid"":""MA-X2"",""purpose"":""PAYOUT"",""ref"":""F1""}"
453.672783,Ceres,IMPORT,"{""owner"":""Cara"",""asset"":""ND"",""amount"":30000,""eid"":""MA-X2"",""src"":""Mars"",""purpose"":""PAYOUT"",""ref"":""F1""}"
453.672783,Ceres,RECEIVED_QUEUED,"{""eid"":""MA-X2"",""dst"":""Mars"",""rid"":123}"
453.790716,Earth,IMPORT,"{""owner"":""Alice"",""asset"":""ND"",""amount"":130000,""eid"":""MA-X1"",""src"":""Mars"",""purpose"":""PAYOUT"",""ref"":""F1""}"
453.790716,Earth,RECEIVED_QUEUED,"{""eid"":""MA-X1"",""dst"":""Mars"",""rid"":124}"
454.188589,Mars,RECEIPT_KNOWN,"{""eid"":""MA-X2"",""owner"":""Cara"",""asset"":""ND"",""amount"":30000,""dst"":""Ceres""}"
454.345908,Mars,RECEIPT_KNOWN,"{""eid"":""MA-X1"",""owner"":""Alice"",""asset"":""ND"",""amount"":130000,""dst"":""Earth""}"
