t_emit_h,t_arrive_h,src,dst,layer,kind,packet,session,copy,distance_au,p_loss,lost,killed,carries
0.000556,0.243257,Ceres,Relay A,backbone,SYN,2,27,0,1.750884,0.034412,False,False,SYN/1.0/27
0.000556,0.313239,Earth,Relay A,backbone,SYN,1,26,0,2.255743,0.044112,False,False,SYN/1.0/26
0.243535,0.486265,Relay A,Ceres,backbone,RCPT,3,27,0,1.751086,0.034416,False,False,
0.243813,0.495492,Relay A,Mars,backbone,SYN,2,27,1,1.815647,0.035662,False,False,SYN/1.0/27
0.313517,0.626145,Relay A,Earth,backbone,RCPT,4,26,0,2.255341,0.044105,False,False,
0.313795,0.565476,Relay A,Mars,backbone,SYN,1,26,1,1.815667,0.035662,False,False,SYN/1.0/26
0.49577,0.747434,Mars,Relay A,backbone,RCPT,5,27,0,1.81554,0.035659,False,False,
0.496047,0.747711,Mars,Relay A,backbone,SYNACK,6,27,0,1.81554,0.035659,False,False,SYNACK/1783.770412781832/27
0.565754,0.817421,Mars,Relay A,backbone,RCPT,7,26,0,1.81556,0.03566,False,False,
0.566032,0.817699,Mars,Relay A,backbone,SYNACK,8,26,0,1.81556,0.03566,False,False,SYNACK/2035.7148035496161/26
0.747989,0.999688,Relay A,Mars,backbone,RCPT,9,27,0,1.815791,0.035664,False,False,
0.748267,0.990998,Relay A,Ceres,backbone,SYNACK,6,27,1,1.751098,0.034416,False,False,SYNACK/1783.770412781832/27
0.817977,1.069678,Relay A,Mars,backbone,RCPT,10,26,0,1.815811,0.035665,False,False,
0.818254,1.130847,Relay A,Earth,backbone,SYNACK,8,26,1,2.255086,0.0441,False,False,SYNACK/2035.7148035496161/26
0.991276,1.233981,Ceres,Relay A,backbone,RCPT,11,27,0,1.750908,0.034412,False,False,
0.991554,1.234259,Ceres,Relay A,backbone,ACK,12,27,0,1.750908,0.034412,False,False,ACK/3567.5942466439587/27
0.991832,1.234537,Ceres,Relay A,backbone,DATA,13,27,0,1.750908,0.034412,False,False,DATA/3567.5942466439587/27/0
1.131125,1.443729,Earth,Relay A,backbone,RCPT,14,26,0,2.255171,0.044101,False,False,
1.131402,1.444007,Earth,Relay A,backbone,ACK,15,26,0,2.255171,0.044101,False,False,ACK/4071.0485172794597/26
1.13168,1.444284,Earth,Relay A,backbone,DATA,16,26,0,2.255171,0.044101,False,False,DATA/4071.0485172794597/26/0
1.234537,1.47727,Relay A,Ceres,backbone,RCPT,17,27,0,1.75111,0.034416,False,False,
1.234815,1.486533,Relay A,Mars,backbone,ACK,12,27,1,1.815929,0.035667,False,False,ACK/3567.5942466439587/27
1.234815,1.477547,Relay A,Ceres,backbone,RCPT,18,27,0,1.75111,0.034416,False,False,
1.235092,1.48681,Relay A,Mars,backbone,DATA,13,27,1,1.81593,0.035667,False,False,DATA/3567.5942466439587/27/0
1.444284,1.756833,Relay A,Earth,backbone,RCPT,19,26,0,2.254769,0.044094,False,False,
1.444562,1.757111,Relay A,Earth,backbone,RCPT,20,26,0,2.254769,0.044094,False,False,
1.444562,1.696289,Relay A,Mars,backbone,ACK,15,26,1,1.815989,0.035668,False,False,ACK/4071.0485172794597/26
1.44484,1.696566,Relay A,Mars,backbone,DATA,16,26,1,1.815989,0.035668,False,False,DATA/4071.0485172794597/26/0
1.48681,1.738514,Mars,Relay A,backbone,RCPT,21,27,0,1.815823,0.035665,False,False,
1.487088,1.738791,Mars,Relay A,backbone,RCPT,22,27,0,1.815823,0.035665,False,False,
1.696566,1.948278,Mars,Relay A,backbone,RCPT,23,26,0,1.815882,0.035666,False,False,
1.696844,1.948556,Mars,Relay A,backbone,RCPT,24,26,0,1.815882,0.035666,False,False,
25.981789,26.224577,Ceres,Relay A,backbone,DATA,25,27,0,1.751504,0.034424,False,False,DATA/3567.5942466439587/27/0
26.224854,26.46767,Relay A,Ceres,backbone,RCPT,26,27,0,1.751706,0.034428,False,False,
26.225132,26.477839,Relay A,Mars,backbone,DATA,25,27,1,1.823063,0.035805,False,False,DATA/3567.5942466439587/27/0
26.261453,26.572304,Earth,Relay A,backbone,DATA,27,26,0,2.242525,0.04386,False,False,DATA/4071.0485172794597/26/0
26.478117,26.730809,Mars,Relay A,backbone,RCPT,28,27,0,1.822955,0.035802,False,False,
26.572582,26.883378,Relay A,Earth,backbone,RCPT,29,26,0,2.242129,0.043852,False,False,
26.57286,26.82558,Relay A,Mars,backbone,DATA,27,26,1,1.823163,0.035806,False,False,DATA/4071.0485172794597/26/0
26.825858,27.078564,Mars,Relay A,backbone,RCPT,30,26,0,1.823055,0.035804,False,False,
50.974445,51.217317,Ceres,Relay A,backbone,DATA,31,27,0,1.75211,0.034435,False,False,DATA/3567.5942466439587/27/0
51.217594,51.460494,Relay A,Ceres,backbone,RCPT,32,27,0,1.752312,0.034439,False,False,
51.217872,51.471571,Relay A,Mars,backbone,DATA,31,27,1,1.83022,0.035943,False,False,DATA/3567.5942466439587/27/0
51.390264,51.699376,Earth,Relay A,backbone,DATA,33,26,0,2.229984,0.04362,False,False,DATA/4071.0485172794597/26/0
51.471849,51.725533,Mars,Relay A,backbone,RCPT,34,27,0,1.830111,0.03594,False,False,
51.699654,52.008713,Relay A,Earth,backbone,RCPT,35,26,0,2.229593,0.043612,False,False,
51.699932,51.95365,Relay A,Mars,backbone,DATA,33,26,1,1.830358,0.035945,False,False,DATA/4071.0485172794597/26/0
51.953928,52.207631,Mars,Relay A,backbone,RCPT,36,26,0,1.830249,0.035943,False,False,
75.969253,76.21221,Ceres,Relay A,backbone,DATA,37,27,0,1.752724,0.034447,False,False,DATA/3567.5942466439587/27/0
76.212487,76.455472,Relay A,Ceres,backbone,RCPT,38,27,0,1.752927,0.034451,False,False,
76.212765,76.467459,Relay A,Mars,backbone,DATA,37,27,1,1.837398,0.036081,False,False,DATA/3567.5942466439587/27/0
76.467737,76.722416,Mars,Relay A,backbone,RCPT,39,27,0,1.837289,0.036079,False,False,
76.517592,76.824982,Earth,Relay A,backbone,DATA,40,26,0,2.217552,0.043382,False,False,DATA/4071.0485172794597/26/0
76.82526,77.132596,Relay A,Earth,backbone,RCPT,41,26,0,2.217167,0.043375,False,False,
76.825538,77.080256,Relay A,Mars,backbone,DATA,40,26,1,1.837575,0.036084,False,False,DATA/4071.0485172794597/26/0
77.080534,77.335237,Mars,Relay A,backbone,RCPT,42,26,0,1.837465,0.036082,False,False,
124.966221,125.209348,Ceres,Relay A,backbone,SYN,43,28,0,1.753954,0.034471,False,False,SYN/449877.39608371264/28
125.209626,125.452782,Relay A,Ceres,backbone,RCPT,44,28,0,1.754157,0.034475,False,False,
125.209904,125.466557,Relay A,Mars,backbone,SYN,43,28,1,1.85153,0.036353,False,False,SYN/449877.39608371264/28
125.466835,125.723472,Mars,Relay A,backbone,RCPT,45,28,0,1.851419,0.036351,False,False,
125.467112,125.72375,Mars,Relay A,backbone,SYNACK,46,28,0,1.851419,0.036351,False,False,SYNACK/451679.6048780583/28
125.643475,125.947542,Earth,Relay A,backbone,SYN,47,29,0,2.193578,0.042923,False,False,SYN/452315.5112122248/29
125.724028,125.980701,Relay A,Mars,backbone,RCPT,48,28,0,1.851679,0.036356,False,False,
125.724306,125.967463,Relay A,Ceres,backbone,SYNACK,46,28,1,1.75417,0.034475,False,False,SYNACK/451679.6048780583/28
125.94782,126.251834,Relay A,Earth,backbone,RCPT,49,29,0,2.193204,0.042916,False,False,
125.948097,126.20478,Relay A,Mars,backbone,SYN,47,29,1,1.851743,0.036357,False,False,SYN/452315.5112122248/29
125.967741,126.210871,Ceres,Relay A,backbone,RCPT,50,28,0,1.75398,0.034471,False,False,
125.968018,126.211149,Ceres,Relay A,backbone,ACK,51,28,0,1.75398,0.034471,False,False,ACK/453482.8659405746/28
125.968296,126.211427,Ceres,Relay A,backbone,DATA,52,28,0,1.75398,0.034471,False,False,DATA/453482.8659405746/28/0
126.205058,126.461725,Mars,Relay A,backbone,RCPT,53,29,0,1.851632,0.036355,False,False,
126.205335,126.462002,Mars,Relay A,backbone,SYNACK,54,29,0,1.851632,0.036355,False,False,SYNACK/454337.2073332838/29
126.211427,126.454586,Relay A,Ceres,backbone,RCPT,55,28,0,1.754183,0.034475,False,False,
126.211705,126.468398,Relay A,Mars,backbone,ACK,51,28,1,1.85182,0.036359,False,False,ACK/453482.8659405746/28
126.211705,126.454864,Relay A,Ceres,backbone,RCPT,56,28,0,1.754183,0.034475,False,False,
126.211983,126.468676,Relay A,Mars,backbone,DATA,52,28,1,1.85182,0.036359,False,False,DATA/453482.8659405746/28/0
126.46228,126.718983,Relay A,Mars,backbone,RCPT,57,29,0,1.851892,0.03636,False,False,
126.462558,126.766538,Relay A,Earth,backbone,SYNACK,54,29,1,2.192955,0.042911,False,False,SYNACK/454337.2073332838/29
126.468676,126.725353,Mars,Relay A,backbone,RCPT,58,28,0,1.851708,0.036357,False,False,
126.468953,126.725631,Mars,Relay A,backbone,RCPT,59,28,0,1.851708,0.036357,False,False,
126.469231,126.725909,Mars,Relay A,backbone,DACK,60,28,0,1.851708,0.036357,False,False,
126.469509,126.726187,Mars,Relay A,backbone,DATA,61,28,0,1.851709,0.036357,False,False,DATA/455287.2320830404/28/0
126.726187,126.9829,Relay A,Mars,backbone,RCPT,62,28,0,1.851968,0.036362,False,False,
126.726464,126.969625,Relay A,Ceres,backbone,DACK,60,28,1,1.754196,0.034476,False,False,
126.726464,126.983178,Relay A,Mars,backbone,RCPT,63,28,0,1.851968,0.036362,False,False,
126.726742,126.969903,Relay A,Ceres,backbone,DATA,61,28,1,1.754196,0.034476,False,False,DATA/455287.2320830404/28/0
126.766816,127.070807,Earth,Relay A,backbone,RCPT,64,29,0,2.193035,0.042913,False,False,
126.767094,127.071085,Earth,Relay A,backbone,ACK,65,29,0,2.193035,0.042913,False,False,ACK/456359.5373664584/29
126.767371,127.071363,Earth,Relay A,backbone,DATA,66,29,0,2.193035,0.042913,False,False,DATA/456359.5373664584/29/0
126.969903,127.213037,Ceres,Relay A,backbone,RCPT,67,28,0,1.754005,0.034472,False,False,
126.970181,127.213315,Ceres,Relay A,backbone,RCPT,68,28,0,1.754006,0.034472,False,False,
126.970458,127.213593,Ceres,Relay A,backbone,DACK,69,28,0,1.754006,0.034472,False,False,
126.970736,127.12666,Ceres,Mars,direct,CINSTR,,,0,1.122853,0.085912,False,False,Cara
126.987403,127.143327,Ceres,Mars,direct,CINSTR,,,1,1.122852,0.085912,False,False,Cara
127.071363,127.375302,Relay A,Earth,backbone,RCPT,70,29,0,2.192661,0.042906,False,False,
127.07164,127.37558,Relay A,Earth,backbone,RCPT,71,29,0,2.192661,0.042906,False,False,
127.07164,127.328368,Relay A,Mars,backbone,ACK,65,29,1,1.852068,0.036364,False,False,ACK/456359.5373664584/29
127.071918,127.328646,Relay A,Mars,backbone,DATA,66,29,1,1.852068,0.036364,False,False,DATA/456359.5373664584/29/0
127.126938,127.383642,Mars,Relay A,backbone,DATA,72,28,0,1.851899,0.03636,False,False,DATA/457655.9767077488/28/1
127.213871,127.457033,Relay A,Ceres,backbone,RCPT,73,28,0,1.754208,0.034476,False,False,
127.214148,127.470882,Relay A,Mars,backbone,DACK,69,28,1,1.85211,0.036365,False,False,
127.328646,127.585358,Mars,Relay A,backbone,RCPT,74,29,0,1.851957,0.036362,False,False,
127.328924,127.585636,Mars,Relay A,backbone,RCPT,75,29,0,1.851957,0.036362,False,False,
127.329201,127.585913,Mars,Relay A,backbone,DACK,76,29,0,1.851957,0.036362,False,False,
127.329479,127.586191,Mars,Relay A,backbone,DATA,77,29,0,1.851957,0.036362,False,False,DATA/458383.12471087126/29/0
127.38392,127.64066,Relay A,Mars,backbone,RCPT,78,28,0,1.852159,0.036365,False,False,
127.384198,127.627361,Relay A,Ceres,backbone,DATA,72,28,1,1.754213,0.034476,False,False,DATA/457655.9767077488/28/1
127.471159,127.727877,Mars,Relay A,backbone,RCPT,79,28,0,1.851998,0.036362,False,False,
127.586191,127.842939,Relay A,Mars,backbone,RCPT,80,29,0,1.852217,0.036367,False,False,
127.586469,127.890374,Relay A,Earth,backbone,DACK,76,29,1,2.192412,0.042901,False,False,
127.586469,127.843217,Relay A,Mars,backbone,RCPT,81,29,0,1.852217,0.036367,False,False,
127.586747,127.890652,Relay A,Earth,backbone,DATA,77,29,1,2.192412,0.042901,False,False,DATA/458383.12471087126/29/0
127.627638,127.870775,Ceres,Relay A,backbone,RCPT,82,28,0,1.754022,0.034472,False,False,
127.627916,127.871053,Ceres,Relay A,backbone,DACK,83,28,0,1.754022,0.034472,False,False,
127.871331,128.114496,Relay A,Ceres,backbone,RCPT,84,28,0,1.754225,0.034476,False,False,
127.871608,128.128368,Relay A,Mars,backbone,DACK,83,28,1,1.8523,0.036368,False,False,
127.890652,128.194568,Earth,Relay A,backbone,RCPT,85,29,0,2.192492,0.042902,False,False,
127.890929,128.194845,Earth,Relay A,backbone,RCPT,86,29,0,2.192492,0.042902,False,False,
127.891207,128.195123,Earth,Relay A,backbone,DACK,87,29,0,2.192492,0.042902,False,False,
127.891485,128.126083,Earth,Mars,direct,CINSTR,,,0,1.690419,0.126488,False,False,Alice
127.908152,128.142749,Earth,Mars,direct,CINSTR,,,1,1.690414,0.126488,False,False,Alice
127.924818,128.159415,Earth,Mars,direct,CINSTR,,,2,1.69041,0.126487,False,False,Alice
128.126361,128.383105,Mars,Relay A,backbone,DATA,88,29,0,1.852188,0.036366,False,False,DATA/461253.8989301668/29/1
128.126639,128.383383,Mars,Relay A,backbone,DATA,89,28,0,1.852188,0.036366,False,False,DATA/461253.8989301668/28/2
128.128646,128.38539,Mars,Relay A,backbone,RCPT,90,28,0,1.852188,0.036366,False,False,
128.195401,128.499265,Relay A,Earth,backbone,RCPT,91,29,0,2.192118,0.042895,False,False,
128.195679,128.452451,Relay A,Mars,backbone,DACK,87,29,1,1.852393,0.03637,False,False,
128.383383,128.640163,Relay A,Mars,backbone,RCPT,92,29,0,1.852448,0.036371,False,False,
128.38366,128.687512,Relay A,Earth,backbone,DATA,88,29,1,2.192028,0.042893,False,False,DATA/461253.8989301668/29/1
128.38366,128.640441,Relay A,Mars,backbone,RCPT,93,28,0,1.852448,0.036371,False,False,
128.383938,128.627105,Relay A,Ceres,backbone,DATA,89,28,1,1.754238,0.034476,False,False,DATA/461253.8989301668/28/2
128.452729,128.709486,Mars,Relay A,backbone,RCPT,94,29,0,1.852282,0.036368,False,False,
128.627383,128.870523,Ceres,Relay A,backbone,RCPT,95,28,0,1.754048,0.034473,False,False,
128.62766,128.870801,Ceres,Relay A,backbone,DACK,96,28,0,1.754048,0.034473,False,False,
128.68779,128.991652,Earth,Relay A,backbone,RCPT,97,29,0,2.192107,0.042895,False,False,
128.688068,128.99193,Earth,Relay A,backbone,DACK,98,29,0,2.192107,0.042895,False,False,
128.871078,129.114247,Relay A,Ceres,backbone,RCPT,99,28,0,1.754251,0.034477,False,False,
128.871356,129.128156,Relay A,Mars,backbone,DACK,96,28,1,1.852589,0.036374,False,False,
128.992208,129.296019,Relay A,Earth,backbone,RCPT,100,29,0,2.191734,0.042888,False,False,
128.992486,129.24929,Relay A,Mars,backbone,DACK,98,29,1,1.852624,0.036374,False,False,
129.128434,129.385218,Mars,Relay A,backbone,RCPT,101,28,0,1.852478,0.036372,False,False,
129.249568,129.506357,Mars,Relay A,backbone,RCPT,102,29,0,1.852513,0.036372,False,False,
452.126361,452.396282,Mars,Relay A,backbone,SYN,103,30,0,1.947252,0.038196,False,False,SYN/1627653.8989301668/30
452.126639,452.39656,Mars,Relay A,backbone,SYN,104,31,0,1.947252,0.038196,False,False,SYN/1627653.8989301668/31
452.39656,452.666521,Relay A,Mars,backbone,RCPT,105,30,0,1.947534,0.038202,False,False,
452.396838,452.680665,Relay A,Earth,backbone,SYN,103,30,1,2.047566,0.040124,False,False,SYN/1627653.8989301668/30
452.396838,452.666799,Relay A,Mars,backbone,RCPT,106,31,0,1.947535,0.038202,False,False,
452.397116,452.641531,Relay A,Ceres,backbone,SYN,104,31,1,1.763244,0.03465,False,False,SYN/1627653.8989301668/31
452.641808,452.886197,Ceres,Relay A,backbone,RCPT,107,31,0,1.763053,0.034647,False,False,
452.642086,452.886475,Ceres,Relay A,backbone,SYNACK,108,31,0,1.763053,0.034647,False,False,SYNACK/1629509.5104553779/31
452.680942,452.964778,Earth,Relay A,backbone,RCPT,109,30,0,2.047628,0.040125,False,False,
452.68122,452.965056,Earth,Relay A,backbone,SYNACK,110,30,0,2.047628,0.040125,False,False,SYNACK/1629650.3928315104/30
452.886753,453.13117,Relay A,Ceres,backbone,RCPT,111,31,0,1.763259,0.034651,False,False,
452.88703,453.157011,Relay A,Mars,backbone,SYNACK,108,31,1,1.94768,0.038205,False,False,SYNACK/1629509.5104553779/31
452.965333,453.249128,Relay A,Earth,backbone,RCPT,112,30,0,2.047337,0.04012,False,False,
452.965611,453.235595,Relay A,Mars,backbone,SYNACK,110,30,1,1.947703,0.038205,False,False,SYNACK/1629650.3928315104/30
453.157289,453.427253,Mars,Relay A,backbone,RCPT,113,31,0,1.947558,0.038202,False,False,
453.157567,453.427531,Mars,Relay A,backbone,ACK,114,31,0,1.947558,0.038202,False,False,ACK/1631365.240546272/31
453.157845,453.427809,Mars,Relay A,backbone,DATA,115,31,0,1.947558,0.038202,False,False,DATA/1631365.240546272/31/0
453.235873,453.50584,Mars,Relay A,backbone,RCPT,116,30,0,1.947581,0.038203,False,False,
453.236151,453.506118,Mars,Relay A,backbone,ACK,117,30,0,1.947581,0.038203,False,False,ACK/1631648.1429848925/30
453.236429,453.506396,Mars,Relay A,backbone,DATA,118,30,0,1.947581,0.038203,False,False,DATA/1631648.1429848925/30/0
453.427809,453.697812,Relay A,Mars,backbone,RCPT,119,31,0,1.947841,0.038208,False,False,
453.428086,453.672506,Relay A,Ceres,backbone,ACK,114,31,1,1.763275,0.034651,False,False,ACK/1631365.240546272/31
453.428086,453.69809,Relay A,Mars,backbone,RCPT,120,31,0,1.947841,0.038208,False,False,
453.428364,453.672783,Relay A,Ceres,backbone,DATA,115,31,1,1.763275,0.034651,False,False,DATA/1631365.240546272/31/0
453.506396,453.776402,Relay A,Mars,backbone,RCPT,121,30,0,1.947864,0.038208,False,False,
453.506674,453.790438,Relay A,Earth,backbone,ACK,117,30,1,2.047118,0.040116,False,False,ACK/1631648.1429848925/30
453.506674,453.77668,Relay A,Mars,backbone,RCPT,122,30,0,1.947864,0.038208,False,False,
453.506951,453.790716,Relay A,Earth,backbone,DATA,118,30,1,2.047118,0.040116,False,False,DATA/1631648.1429848925/30/0
453.672783,453.917176,Ceres,Relay A,backbone,RCPT,123,31,0,1.763084,0.034647,False,False,
453.673061,453.917454,Ceres,Relay A,backbone,RCPT,124,31,0,1.763084,0.034647,False,False,
453.673339,453.917732,Ceres,Relay A,backbone,DACK,125,31,0,1.763084,0.034647,False,False,
453.673617,453.91801,Ceres,Relay A,backbone,DATA,126,31,0,1.763084,0.034647,False,False,DATA/1633222.0203269066/31/0
453.790716,454.074489,Earth,Relay A,backbone,RCPT,127,30,0,2.04718,0.040117,False,False,
453.790994,454.074767,Earth,Relay A,backbone,RCPT,128,30,0,2.04718,0.040117,False,False,
453.791272,454.075045,Earth,Relay A,backbone,DACK,129,30,0,2.04718,0.040117,False,False,
453.791549,454.075323,Earth,Relay A,backbone,DATA,130,30,0,2.04718,0.040117,False,False,DATA/1633646.5779128815/30/0
453.91801,454.162431,Relay A,Ceres,backbone,RCPT,131,31,0,1.76329,0.034651,False,False,
453.918287,454.188311,Relay A,Mars,backbone,DACK,125,31,1,1.947986,0.038211,False,False,
453.918287,454.162709,Relay A,Ceres,backbone,RCPT,132,31,0,1.76329,0.034651,False,False,
453.918565,454.188589,Relay A,Mars,backbone,DATA,126,31,1,1.947986,0.038211,False,False,DATA/1633222.0203269066/31/0
454.075323,454.359056,Relay A,Earth,backbone,RCPT,133,30,0,2.046889,0.040111,False,False,
454.0756,454.359333,Relay A,Earth,backbone,RCPT,134,30,0,2.046889,0.040111,False,False,
454.0756,454.34563,Relay A,Mars,backbone,DACK,129,30,1,1.948033,0.038211,False,False,
454.075878,454.345908,Relay A,Mars,backbone,DATA,130,30,1,1.948033,0.038211,False,False,DATA/1633646.5779128815/30/0
454.188589,454.458595,Mars,Relay A,backbone,RCPT,135,31,0,1.947864,0.038208,False,False,
454.188866,454.458873,Mars,Relay A,backbone,RCPT,136,31,0,1.947864,0.038208,False,False,
454.189144,454.459151,Mars,Relay A,backbone,DACK,137,31,0,1.947864,0.038208,False,False,
454.345908,454.615921,Mars,Relay A,backbone,RCPT,138,30,0,1.947911,0.038209,False,False,
454.346186,454.616199,Mars,Relay A,backbone,RCPT,139,30,0,1.947911,0.038209,False,False,
454.346464,454.616477,Mars,Relay A,backbone,DACK,140,30,0,1.947911,0.038209,False,False,
454.459428,454.729474,Relay A,Mars,backbone,RCPT,141,31,0,1.948147,0.038214,False,False,
454.459706,454.70413,Relay A,Ceres,backbone,DACK,137,31,1,1.763306,0.034652,False,False,
454.616754,454.886806,Relay A,Mars,backbone,RCPT,142,30,0,1.948194,0.038215,False,False,
454.617032,454.900735,Relay A,Earth,backbone,DACK,140,30,1,2.046671,0.040107,False,False,
454.704407,454.948805,Ceres,Relay A,backbone,RCPT,143,31,0,1.763115,0.034648,False,False,
454.901013,455.184724,Earth,Relay A,backbone,RCPT,144,30,0,2.046733,0.040108,False,False,
