t_h,at,event,peer,ref,detail
0.000278,Earth,SESSION_OPEN,Mars,26,Earth>Relay A>Mars
0.000278,Ceres,SESSION_OPEN,Mars,27,Ceres>Relay A>Mars
1.486533,Mars,IGNORED_UNKNOWN_SESSION,Ceres,27,ACK
1.48681,Mars,IGNORED_UNKNOWN_SESSION,Ceres,27,DATA
1.696289,Mars,IGNORED_UNKNOWN_SESSION,Earth,26,ACK
1.696566,Mars,IGNORED_UNKNOWN_SESSION,Earth,26,DATA
26.477839,Mars,IGNORED_UNKNOWN_SESSION,Ceres,27,DATA
26.82558,Mars,IGNORED_UNKNOWN_SESSION,Earth,26,DATA
51.471571,Mars,IGNORED_UNKNOWN_SESSION,Ceres,27,DATA
51.95365,Mars,IGNORED_UNKNOWN_SESSION,Earth,26,DATA
76.467459,Mars,IGNORED_UNKNOWN_SESSION,Ceres,27,DATA
77.080256,Mars,IGNORED_UNKNOWN_SESSION,Earth,26,DATA
100.965943,Ceres,DELIVERY_UNKNOWN,Mars,27,0
100.965943,Ceres,APP_RESUBMIT_SCHEDULED,Mars,115,TRANSFER|449877.39608371264
101.643198,Earth,DELIVERY_UNKNOWN,Mars,26,0
101.643198,Earth,APP_RESUBMIT_SCHEDULED,Mars,114,TRANSFER|452315.5112122248
124.965943,Ceres,APP_RESUBMIT,Mars,115,TRANSFER
124.965943,Ceres,SESSION_OPEN,Mars,28,Ceres>Relay A>Mars
125.643198,Earth,APP_RESUBMIT,Mars,114,TRANSFER
125.643198,Earth,SESSION_OPEN,Mars,29,Earth>Relay A>Mars
452.126083,Mars,SESSION_OPEN,Earth,30,Mars>Relay A>Earth
452.126083,Mars,SESSION_OPEN,Ceres,31,Mars>Relay A>Ceres
