hour,sender,receiver,message
1.1129329615198222,Earth,Ceres,RESERVATION
1.6696610156362155,Ceres,Mars,PROPOSE
2.1655020322804925,Mars,Earth,PREPARE
2.1655020322804925,Mars,Ceres,PREPARE
2.6616356852313423,Ceres,Mars,PREPARED
2.7311014645344383,Earth,Mars,PREPARED
3.296772228836701,Mars,Earth,COMMIT
3.296772228836701,Mars,Ceres,COMMIT
3.7929542955376743,Ceres,Mars,APPLIED
3.8623371903926995,Earth,Mars,APPLIED
4.427973494514054,Mars,Earth,RELEASE
4.427973494514054,Mars,Ceres,RELEASE
4.924203981038567,Ceres,Mars,RELEASED
4.99350402209501,Earth,Mars,RELEASED
