origin,authority,sampled_availability,min_minutes,max_minutes,max_hour
Mercury,Mars,1.0,30.116395902633663,86.44049655795098,285007.0
Venus,Mars,1.0,27.30991161664327,86.59881731669108,945870.0
Earth,Mars,1.0,25.12804101308187,87.49948519070944,1539743.0
Mars,Mars,1.0,0.0,0,
Ceres,Mars,1.0,12.367037733395895,94.06432677904765,481569.0
Jupiter,Mars,1.0,29.719995133082072,112.41327026685079,1565625.0
Saturn,Mars,1.0,62.002420890331265,147.56654931704205,1463222.0
Uranus,Mars,1.0,139.1897191623847,226.81040914853412,1218090.0
Neptune,Mars,1.0,235.29827430248264,314.86707408428197,993506.0
