sender,receiver,samples,availability,min_flight_minutes,max_flight_minutes
Mercury,Relay A,1753201,0.9094918380721891,19.65030521353086,27.399713452657064
Mercury,Relay B,1753201,0.9094045691281262,19.650537821650506,27.3998841603597
Venus,Relay A,1753201,0.9462275004406226,17.474489450454712,29.575914700826008
Venus,Relay B,1753201,0.9462371969899629,17.474493265151978,29.57590986887614
Earth,Relay A,1753201,0.9568731708457844,15.06938640276591,31.978689134617646
Earth,Relay B,1753201,0.9568674669932312,15.069366375605265,31.978651022911073
Mars,Relay A,1753201,0.9688466981253148,9.684956137339274,37.37290617028872
Mars,Relay B,1753201,0.9687611403370179,9.69066333770752,37.37579772075017
Ceres,Relay A,1753201,0.994903037358523,1.5570068597793578,48.17810295422872
Ceres,Relay B,1753201,0.9969490092693308,0.45405786832173667,48.16431047916412
Jupiter,Relay A,1753201,0.983389240594775,18.4343482285738,68.8759747505188
Jupiter,Relay B,1753201,0.9836453435744105,17.682181326548257,68.38733534539739
Saturn,Relay A,1753201,0.9898887805790665,51.45984036922455,107.24244109789531
Saturn,Relay B,1753201,0.9895003482201984,51.45035747687022,107.22405145963033
Uranus,Relay A,1753201,0.9873414400288387,129.08560953140258,191.33168943723044
Uranus,Relay B,1753201,0.9873397288730728,129.110078060627,191.29688498576482
Neptune,Relay A,1753201,0.9902709387001263,224.08797184030215,275.9996755202611
Neptune,Relay B,1753201,0.9902640940770625,224.0870715379715,275.9938229560852
Relay A,Relay B,1753201,1.0,33.26938974062602,33.26938974161943
Relay A,Mercury,1753201,0.909495260383721,19.650303515791894,27.399715487162272
Relay B,Mercury,1753201,0.9094051395133815,19.650541313489278,27.39988465309143
Relay A,Venus,1753201,0.9462337746784311,17.474489545822145,29.575914986928304
Relay B,Venus,1753201,0.9462349154489417,17.474493145942688,29.57590986887614
Relay A,Earth,1753201,0.956876022772061,15.069385782877605,31.97868925568958
Relay B,Earth,1753201,0.9568714596900184,15.069366312026977,31.978650188446046
Relay A,Mars,1753201,0.9688432758137829,9.68496044476827,37.37293234070142
Relay B,Mars,1753201,0.9687571476402307,9.690675195058187,37.37580304940541
Relay A,Ceres,1753201,0.9948961927354593,1.556825057665507,48.178105465571086
Relay B,Ceres,1753201,0.996980380458373,0.45410927136739093,48.16444317499796
Relay A,Jupiter,1753201,0.9833880998242643,18.434454151988028,68.87596577008566
Relay B,Jupiter,1753201,0.9836493362711977,17.68218296368917,68.38705753162503
Relay A,Saturn,1753201,0.9898882101938112,51.45985600153605,107.24246230125428
Relay B,Saturn,1753201,0.9895003482201984,51.450355784098306,107.22400743961335
Relay A,Uranus,1753201,0.9873397288730728,129.08559975624084,191.33171772956848
Relay B,Uranus,1753201,0.9873408696435834,129.11010478138923,191.29683641195297
Relay A,Neptune,1753201,0.9902703683148709,224.08797440926233,275.9996784210205
Relay B,Neptune,1753201,0.9902680867738497,224.087070252498,275.99383039474486
Relay B,Relay A,1753201,1.0,33.2666103164355,33.266610320409136
