packet_id,kind,sender,receiver,ready_s,emission_s,arrival_s,distance_au,loss_probability
1,SYN,Mars,Relay A,14775.839578744772,14776.839578744772,15683.343679142641,1.816568675399522,0.035679309797922554
2,HOP_RECEIPT,Relay A,Mars,15683.343679142641,15684.343679142641,16590.97288561281,1.8168193789230258,0.03568414495769712
1,SYN,Relay A,Neptune,15684.343679142641,15685.343679142641,29586.590940375027,27.857094427542755,0.42715602171505007
3,HOP_RECEIPT,Neptune,Relay A,29586.590940375027,29587.590940375027,43490.02748001573,27.859477655486156,0.4271833254198606
4,SYN_ACK,Neptune,Relay A,29586.590940375027,29588.590940375027,43491.02752142789,27.85947773847313,0.427183326370587
5,HOP_RECEIPT,Relay A,Neptune,43491.02752142789,43492.02752142789,57394.425562544064,27.859400507226518,0.4271824415829879
4,SYN_ACK,Relay A,Mars,43492.02752142789,43493.02752142789,44400.75632779481,1.8190228976131588,0.035726641781460344
6,HOP_RECEIPT,Mars,Relay A,44400.75632779481,44401.75632779481,45309.43161378939,1.818915646656616,0.03572457339444124
7,ACK,Mars,Relay A,44400.75632779481,44402.75632779481,45310.43165334398,1.818915725921148,0.035724574923097996
8,PAY_REQUEST,Mars,Relay A,44400.75632779481,44403.75632779481,45311.43169289857,1.8189158051856944,0.035724576451755086
9,HOP_RECEIPT,Relay A,Mars,45310.43165334398,45311.43165334398,46219.23240010027,1.819167060952052,0.03572942203479079
7,ACK,Relay A,Neptune,45311.43165334398,45312.43165334398,59214.905078245574,27.85955157088212,0.427184172218661
10,HOP_RECEIPT,Relay A,Mars,45311.43169289857,45312.43169289857,46220.23247922008,1.819167140237886,0.03572942356385067
8,PAY_REQUEST,Relay A,Neptune,45312.43169289857,45313.43169289857,59215.905159213835,27.859551653872117,0.4271841731694206
11,HOP_RECEIPT,Neptune,Relay A,59214.905078245574,59215.905078245574,73119.56934417383,27.861937930199694,0.42721151045402483
12,HOP_RECEIPT,Neptune,Relay A,59215.905159213835,59216.905159213835,73120.56946660846,27.861938013295312,0.42721151140594915
13,DATA_ACK,Neptune,Relay A,59215.905159213835,59217.905159213835,73121.5695080715,27.861938096384232,0.42721151235779664
14,PAYMENT,Neptune,Relay A,59215.905159213835,59218.905159213835,73122.56954953453,27.861938179473153,0.42721151330964424
15,HOP_RECEIPT,Relay A,Neptune,73121.5695080715,73122.5695080715,87026.19527116249,27.861860773297657,0.42721062656163533
13,DATA_ACK,Relay A,Mars,73122.5695080715,73123.5695080715,74032.47114265083,1.8213731605533552,0.03577196663495952
16,HOP_RECEIPT,Relay A,Neptune,73122.56954953453,73123.56954953453,87027.19535408702,27.86186085638349,0.42721062751344896
14,PAYMENT,Relay A,Mars,73123.56954953453,73124.56954953453,74033.47122371779,1.8213732399167573,0.03577196816544792
17,HOP_RECEIPT,Mars,Relay A,74032.47114265083,74033.47114265083,74942.31911017509,1.8212656156551965,0.03576989267661612
18,HOP_RECEIPT,Mars,Relay A,74033.47122371779,74034.47122371779,74943.31923084102,1.8212656950086838,0.035769894206916564
19,DATA_ACK,Mars,Relay A,74033.47122371779,74035.47122371779,74944.3192704368,1.8212657743557559,0.035769895737093216
20,DELIVERY,Mars,Relay A,74033.47122371779,74036.47122371779,74945.31931003256,1.8212658537027988,0.035769897267269424
21,HOP_RECEIPT,Relay A,Mars,74944.3192704368,74945.3192704368,75854.2930527531,1.8215177394018305,0.03577475477050307
19,DATA_ACK,Relay A,Neptune,74945.3192704368,74946.3192704368,88850.02064861813,27.862012300471584,0.42721236242210525
22,HOP_RECEIPT,Relay A,Mars,74945.31931003256,74946.31931003256,75855.29313195522,1.8215178187701024,0.03577475630108096
20,DELIVERY,Relay A,Neptune,74946.31931003256,74947.31931003256,88851.02072967842,27.86201238356351,0.4272123633739858
23,HOP_RECEIPT,Neptune,Relay A,88850.02064861813,88851.02064861813,102755.91442907574,27.86440178842053,0.42723973515117797
24,HOP_RECEIPT,Neptune,Relay A,88851.02072967842,88852.02072967842,102756.91455165323,27.86440187161799,0.42723973610422195
25,DATA_ACK,Neptune,Relay A,88851.02072967842,88853.02072967842,102757.91459316705,27.864401954808685,0.42723973705718843
26,RECEIVED,Neptune,Relay A,88851.02072967842,88854.02072967842,102758.91463468088,27.864402037999408,0.42723973801015525
27,HOP_RECEIPT,Relay A,Neptune,102757.91459316705,102758.91459316705,116663.76982510004,27.86432453996431,0.42723885025356956
25,DATA_ACK,Relay A,Mars,102758.91459316705,102759.91459316705,103669.99049893123,1.8237263151059766,0.035817345118854815
28,HOP_RECEIPT,Relay A,Neptune,102758.91463468088,102759.91463468088,116664.76990812617,27.864324623151944,0.4272388512065024
26,RECEIVED,Relay A,Mars,102759.91463468088,102760.91463468088,103670.99058008971,1.8237263945509712,0.03581734665084457
29,HOP_RECEIPT,Mars,Relay A,103669.99049893123,103670.99049893123,104581.0125911629,1.8236184766776198,0.035815265597769264
30,HOP_RECEIPT,Mars,Relay A,103670.99058008971,103671.99058008971,104582.01271196107,1.8236185561126996,0.03581526712957117
31,DATA_ACK,Mars,Relay A,103670.99058008971,103672.99058008971,104583.01275159755,1.8236186355413349,0.035815268661248734
32,HOP_RECEIPT,Relay A,Mars,104583.01275159755,104584.01275159755,105494.16097232739,1.8238712290686536,0.03582013958539054
31,DATA_ACK,Relay A,Neptune,104584.01275159755,104585.01275159755,118489.9437887505,27.864476448144277,0.42724059039300233
33,HOP_RECEIPT,Neptune,Relay A,118489.9437887505,118490.9437887505,132397.06878795236,27.866869061764774,0.427267997576543
